"Date","AUS","NSW","VIC","QLD","SA","WA","TAS","NT","ACT"
"21/02/20","1","1","1","-1","2","2","-1","4","4"
"22/02/20","1","1","1","-1","2","1","-1","5","6"
"23/02/20","1","0","1","-1","2","2","-1","6","7"
"24/02/20","1","1","1","-1","2","2","-1","6","7"
"25/02/20","1","1","2","-1","3","1","-1","7","8"
"26/02/20","1","0","2","-1","3","1","-1","7","7"
"27/02/20","1","1","2","-2","3","1","-1","7","7"
"28/02/20","1","1","2","-1","3","0","-2","7","7"
"29/02/20","1","1","2","-1","3","0","-1","7","7"
"01/03/20","1","1","2","-1","3","0","-2","7","7"
"02/03/20","1","1","3","0","4","0","-2","7","7"
"03/03/20","2","1","3","0","4","0","-2","6","7"
"04/03/20","2","1","3","0","3","0","-1","6","6"
"05/03/20","1","0","3","0","3","1","-2","7","5"
"06/03/20","1","0","3","0","4","1","-2","7","4"
"07/03/20","1","0","2","-1","4","1","-3","7","3"
"08/03/20","1","-1","2","-1","5","0","-3","7","1"
"09/03/20","0","-1","3","-2","1","1","-5","7","1"
"10/03/20","0","-1","2","-2","2","1","-5","7","0"
"11/03/20","0","-1","2","-2","2","0","-6","7","1"
"12/03/20","0","0","2","-2","1","0","-5","6","1"
"13/03/20","0","-1","1","-2","1","0","-6","5","2"
"14/03/20","-1","-2","1","-2","1","0","-6","5","2"
"15/03/20","-1","-3","0","-3","-1","-1","-7","5","2"
"16/03/20","-1","-3","0","-2","3","-1","-5","5","2"
"17/03/20","-1","-3","-1","-2","1","-1","-6","5","2"
"18/03/20","-2","-4","-2","-2","1","-2","-7","5","1"
"19/03/20","-4","-5","-4","-3","-1","-3","-9","5","0"
"20/03/20","-5","-7","-6","-4","-3","-4","-10","5","-1"
"21/03/20","-8","-9","-9","-7","-6","-6","-13","3","-3"
"22/03/20","-10","-11","-12","-9","-9","-9","-15","2","-5"
"23/03/20","-12","-13","-14","-11","-11","-11","-18","1","-7"
"24/03/20","-16","-17","-19","-14","-14","-13","-21","-2","-11"
"25/03/20","-19","-21","-23","-16","-17","-16","-23","-4","-15"
"26/03/20","-23","-25","-26","-19","-20","-19","-26","-8","-19"
"27/03/20","-26","-28","-30","-22","-24","-23","-29","-12","-24"
"28/03/20","-29","-32","-34","-25","-27","-26","-32","-16","-28"
"29/03/20","-33","-36","-38","-28","-31","-29","-35","-20","-32"
"30/03/20","-36","-39","-42","-31","-34","-32","-38","-23","-36"
"31/03/20","-38","-41","-43","-32","-35","-34","-40","-25","-38"
"01/04/20","-39","-42","-44","-34","-36","-35","-43","-26","-39"
"02/04/20","-40","-43","-46","-35","-37","-36","-45","-26","-40"
"03/04/20","-41","-44","-46","-35","-38","-37","-46","-26","-41"
"04/04/20","-42","-44","-47","-36","-38","-37","-48","-26","-42"
"05/04/20","-41","-44","-47","-35","-37","-37","-48","-25","-42"
"06/04/20","-41","-43","-47","-35","-36","-37","-49","-25","-41"
"07/04/20","-41","-43","-47","-34","-36","-36","-48","-24","-41"
"08/04/20","-40","-42","-46","-34","-35","-36","-48","-24","-41"
"09/04/20","-38","-40","-44","-32","-33","-34","-45","-22","-38"
"10/04/20","-43","-44","-49","-38","-39","-39","-51","-28","-43"
"11/04/20","-43","-44","-48","-37","-38","-38","-50","-28","-42"
"12/04/20","-45","-47","-49","-39","-41","-39","-52","-29","-44"
"13/04/20","-46","-47","-50","-42","-44","-40","-54","-31","-45"
"14/04/20","-46","-47","-50","-42","-43","-40","-55","-31","-45"
"15/04/20","-46","-47","-50","-42","-44","-40","-56","-31","-45"
"16/04/20","-47","-49","-52","-44","-46","-41","-59","-32","-46"
"17/04/20","-42","-44","-46","-37","-39","-36","-54","-25","-41"
"18/04/20","-42","-44","-46","-38","-40","-36","-54","-26","-41"
"19/04/20","-40","-42","-45","-37","-36","-35","-54","-25","-40"
"20/04/20","-40","-41","-45","-35","-34","-34","-52","-22","-39"
"21/04/20","-40","-42","-45","-36","-34","-34","-52","-23","-40"
"22/04/20","-40","-42","-45","-36","-34","-34","-51","-23","-40"
"23/04/20","-40","-42","-45","-37","-35","-34","-51","-23","-40"
"24/04/20","-40","-42","-45","-36","-34","-34","-50","-23","-41"
"25/04/20","-41","-42","-45","-40","-36","-36","-51","-24","-41"
"26/04/20","-40","-41","-45","-37","-34","-34","-49","-23","-41"
"27/04/20","-39","-41","-44","-36","-34","-33","-49","-22","-41"
"28/04/20","-39","-41","-44","-36","-33","-32","-48","-21","-41"
"29/04/20","-39","-41","-44","-35","-33","-32","-48","-21","-41"
"30/04/20","-39","-42","-44","-35","-33","-31","-48","-20","-42"
"01/05/20","-39","-41","-44","-35","-33","-31","-48","-20","-43"
"02/05/20","-36","-39","-43","-30","-30","-27","-47","-18","-41"
"03/05/20","-36","-39","-43","-30","-31","-27","-47","-17","-40"
"04/05/20","-36","-38","-43","-33","-30","-27","-46","-18","-40"
"05/05/20","-36","-38","-42","-31","-30","-28","-45","-18","-39"
"06/05/20","-35","-37","-41","-31","-29","-28","-44","-18","-38"
"07/05/20","-34","-35","-41","-30","-28","-27","-43","-17","-37"
"08/05/20","-33","-35","-39","-29","-27","-26","-42","-17","-36"
"09/05/20","-32","-33","-39","-28","-25","-25","-40","-17","-35"
"10/05/20","-31","-33","-38","-28","-25","-24","-39","-16","-34"
"11/05/20","-30","-32","-37","-24","-24","-23","-39","-15","-34"
"12/05/20","-30","-32","-37","-24","-24","-22","-39","-15","-34"
"13/05/20","-30","-32","-37","-24","-24","-21","-39","-14","-34"
"14/05/20","-30","-32","-37","-24","-24","-21","-39","-14","-34"
"15/05/20","-30","-32","-36","-24","-23","-21","-39","-12","-34"
"16/05/20","-30","-32","-36","-25","-24","-22","-39","-11","-34"
"17/05/20","-29","-31","-35","-25","-23","-22","-39","-10","-33"
"18/05/20","-29","-31","-35","-24","-22","-21","-38","-8","-32"
"19/05/20","-28","-30","-34","-24","-22","-21","-37","-7","-31"
"20/05/20","-28","-29","-34","-23","-22","-20","-36","-6","-31"
"21/05/20","-27","-29","-34","-23","-22","-19","-36","-5","-30"
"22/05/20","-27","-29","-34","-22","-22","-18","-35","-4","-30"
"23/05/20","-26","-28","-34","-22","-22","-17","-34","-4","-29"
"24/05/20","-26","-28","-34","-21","-22","-18","-33","-4","-29"
"25/05/20","-26","-28","-33","-20","-22","-20","-33","-4","-29"
"26/05/20","-26","-28","-32","-20","-21","-19","-32","-4","-28"
"27/05/20","-25","-27","-32","-20","-20","-19","-32","-4","-28"
"28/05/20","-25","-26","-31","-19","-20","-19","-31","-3","-27"
"29/05/20","-25","-26","-31","-19","-19","-20","-31","-3","-26"
"30/05/20","-24","-25","-30","-19","-19","-20","-31","-3","-26"
"31/05/20","-24","-25","-30","-19","-19","-17","-30","-3","-25"
"01/06/20","-23","-24","-30","-19","-19","-16","-30","-3","-25"
"02/06/20","-23","-23","-30","-19","-19","-16","-30","-2","-24"
"03/06/20","-22","-23","-29","-19","-18","-16","-30","-2","-23"
"04/06/20","-22","-22","-28","-18","-18","-16","-30","-2","-23"
"05/06/20","-21","-21","-27","-18","-17","-15","-29","0","-22"
"06/06/20","-20","-20","-26","-17","-16","-14","-28","1","-22"
"07/06/20","-19","-19","-25","-17","-14","-13","-27","2","-22"
"08/06/20","-18","-18","-23","-16","-16","-12","-28","2","-21"
"09/06/20","-17","-17","-23","-16","-15","-11","-27","3","-21"
"10/06/20","-17","-18","-22","-16","-15","-11","-26","3","-21"
"11/06/20","-17","-17","-22","-15","-15","-10","-26","4","-21"
"12/06/20","-17","-18","-22","-15","-15","-9","-26","3","-20"
"13/06/20","-17","-18","-22","-15","-15","-9","-26","4","-20"
"14/06/20","-17","-17","-22","-15","-16","-9","-27","4","-19"
"15/06/20","-17","-18","-23","-15","-14","-9","-26","5","-19"
"16/06/20","-17","-18","-23","-15","-14","-9","-26","5","-19"
"17/06/20","-17","-17","-23","-15","-14","-9","-26","6","-18"
"18/06/20","-16","-16","-22","-14","-14","-8","-25","6","-17"
"19/06/20","-16","-15","-22","-14","-14","-8","-24","6","-17"
"20/06/20","-15","-15","-21","-14","-13","-7","-24","6","-16"
"21/06/20","-15","-15","-22","-13","-13","-7","-24","6","-16"
"22/06/20","-15","-15","-22","-13","-13","-7","-25","6","-16"
"23/06/20","-15","-15","-22","-12","-13","-7","-25","6","-16"
"24/06/20","-15","-14","-22","-12","-13","-6","-25","6","-15"
"25/06/20","-15","-14","-22","-12","-13","-6","-25","6","-15"
"26/06/20","-15","-14","-23","-12","-12","-6","-24","7","-15"
"27/06/20","-15","-14","-23","-11","-12","-6","-24","6","-14"
"28/06/20","-15","-13","-23","-12","-11","-7","-23","7","-13"
"29/06/20","-14","-13","-23","-11","-10","-7","-22","8","-13"
"30/06/20","-14","-13","-22","-10","-9","-6","-22","9","-12"
"01/07/20","-13","-13","-22","-10","-9","-6","-21","10","-12"
"02/07/20","-13","-12","-22","-10","-9","-6","-21","10","-12"
"03/07/20","-13","-12","-23","-9","-9","-5","-21","10","-12"
"04/07/20","-13","-12","-24","-9","-8","-5","-21","10","-12"
"05/07/20","-13","-11","-25","-8","-8","-4","-21","10","-12"
"06/07/20","-13","-10","-25","-7","-8","-3","-21","10","-11"
"07/07/20","-12","-10","-25","-7","-7","-2","-20","10","-10"
"08/07/20","-11","-9","-24","-6","-7","-1","-20","10","-10"
"09/07/20","-11","-9","-26","-6","-6","0","-19","10","-10"
"10/07/20","-12","-9","-28","-5","-5","0","-19","11","-10"
"11/07/20","-12","-9","-30","-5","-5","0","-18","12","-11"
"12/07/20","-13","-9","-32","-4","-5","1","-18","12","-12"
"13/07/20","-13","-9","-34","-4","-5","2","-18","13","-12"
"14/07/20","-14","-10","-36","-4","-4","2","-17","13","-13"
"15/07/20","-14","-10","-38","-4","-3","2","-16","14","-13"
"16/07/20","-14","-11","-38","-4","-3","3","-16","14","-12"
"17/07/20","-14","-11","-38","-3","-2","3","-15","15","-12"
"18/07/20","-14","-11","-37","-3","-1","3","-14","16","-11"
"19/07/20","-13","-11","-37","-2","-1","3","-14","16","-10"
"20/07/20","-13","-12","-37","-2","-1","4","-14","16","-10"
"21/07/20","-14","-11","-37","-2","-2","3","-14","16","-10"
"22/07/20","-14","-12","-38","-2","-3","3","-14","17","-11"
"23/07/20","-15","-13","-39","-3","-4","2","-15","18","-11"
"24/07/20","-15","-14","-40","-3","-4","2","-15","17","-12"
"25/07/20","-16","-14","-40","-3","-4","2","-15","17","-11"
"26/07/20","-16","-16","-40","-4","-3","2","-15","17","-12"
"27/07/20","-17","-17","-41","-4","-3","2","-15","17","-13"
"28/07/20","-17","-18","-41","-4","-3","2","-15","17","-13"
"29/07/20","-18","-18","-41","-4","-3","1","-16","17","-13"
"30/07/20","-18","-18","-41","-4","-4","1","-16","16","-13"
"31/07/20","-18","-18","-41","-4","-4","1","-16","18","-13"
"01/08/20","-18","-18","-40","-5","-4","2","-16","18","-13"
"02/08/20","-17","-16","-39","-5","-4","2","-16","18","-12"
"03/08/20","-17","-16","-40","-5","-4","1","-17","18","-11"
"04/08/20","-17","-16","-41","-6","-4","1","-17","18","-11"
"05/08/20","-17","-16","-41","-6","-4","1","-18","17","-12"
"06/08/20","-18","-16","-44","-6","-4","1","-18","18","-12"
"07/08/20","-19","-17","-47","-7","-5","1","-19","18","-13"
"08/08/20","-20","-18","-51","-6","-6","0","-18","19","-14"
"09/08/20","-22","-19","-54","-6","-6","-2","-18","20","-15"
"10/08/20","-23","-20","-56","-6","-7","-1","-18","21","-15"
"11/08/20","-23","-20","-57","-5","-7","-2","-17","21","-15"
"12/08/20","-23","-20","-58","-5","-8","-2","-17","22","-15"
"13/08/20","-23","-20","-58","-5","-8","-2","-17","21","-15"
"14/08/20","-23","-20","-57","-4","-7","-2","-17","21","-14"
"15/08/20","-23","-19","-56","-5","-7","-2","-17","20","-13"
"16/08/20","-22","-18","-56","-5","-7","-1","-19","20","-12"
"17/08/20","-22","-18","-56","-5","-7","-1","-19","","-11"
"18/08/20","-22","-18","-56","-5","-7","-1","-19","","-11"
"19/08/20","-22","-18","-56","-5","-7","-1","-19","","-12"
"20/08/20","-22","-18","-56","-6","-7","-1","-19","","-12"
"21/08/20","-22","-17","-56","-6","-8","-1","-19","","-12"
"22/08/20","-22","-17","-57","-6","-8","-1","-19","","-13"
"23/08/20","-22","-17","-57","-6","-8","-1","-18","","-13"
"24/08/20","-22","-17","-57","-7","-8","0","-18","","-13"
"25/08/20","-22","-17","-57","-7","-7","0","-18","","-13"
"26/08/20","-22","-17","-56","-7","-7","0","-18","","-13"
"27/08/20","-22","-17","-56","-7","-6","0","-18","","-13"
"28/08/20","-21","-16","-55","-7","-5","0","-18","","-12"
"29/08/20","-21","-16","-54","-7","-5","0","-17","","-11"
"30/08/20","-21","-15","-54","-8","-5","0","-17","","-11"
"31/08/20","-21","-15","-54","-7","-5","0","-17","","-10"
"2020-09-01","-21","-15","-53","-7","-5","-1","-17","","-10"
"02/09/20","-21","-15","-53","-7","-5","-1","-17","","-10"
"03/09/20","-20","-15","-53","-7","-5","-1","-17","","-9"
"04/09/20","-20","-15","-53","-7","-5","0","-17","","-9"
"05/09/20","-20","-14","-52","-6","-5","0","-16","","-8"
"06/09/20","-20","-14","-52","-6","-4","-1","-15","","-7"
"07/09/20","-19","-14","-51","-6","-3","-1","-16","","-7"
"08/09/20","-19","-14","-52","-6","-3","0","-16","","-7"
"09/09/20","-19","-14","-51","-6","-3","0","-16","","-8"
"10/09/20","-19","-14","-51","-6","-3","-1","-16","","-8"
"11/09/20","-19","-14","-51","-6","-4","-1","-16","","-8"
"12/09/20","-20","-14","-52","-6","-4","-1","-16","","-8"
"13/09/20","-20","-14","-52","-7","-4","-1","-17","","-9"
"14/09/20","-19","-14","-51","-6","-4","0","-17","","-9"
"15/09/20","-19","-14","-50","-6","-4","0","-16","","-8"
"16/09/20","-19","-13","-50","-5","-4","0","-16","","-7"
"17/09/20","-18","-12","-50","-5","-4","0","-16","21","-7"
"18/09/20","-18","-12","-49","-5","-4","0","-16","21","-7"
"19/09/20","-18","-13","-48","-5","-4","0","-16","22","-7"
"20/09/20","-18","-13","-48","-5","-5","-1","-17","22","-7"
"21/09/20","-18","-13","-48","-4","-5","-1","-17","22","-7"
"22/09/20","-18","-13","-48","-4","-5","-1","-17","22","-7"
"23/09/20","-18","-13","-48","-4","-5","-1","-17","22","-8"
"24/09/20","-18","-13","-48","-4","-6","-1","-18","22","-8"
"25/09/20","-18","-13","-48","-4","-6","-1","-19","22","-9"
"26/09/20","-18","-13","-49","-4","-6","-1","-18","22","-10"
"27/09/20","-18","-13","-49","-4","-6","0","-18","21","-9"
"28/09/20","-17","-12","-48","-4","-6","0","-18","22","-8"
"29/09/20","-17","-12","-47","-4","-5","1","-17","22","-8"
"30/09/20","-17","-11","-47","-3","-5","1","-17","22","-7"
"01/10/20","-16","-11","-46","-3","-4","1","-16","23","-6"
"02/10/20","-16","-10","-45","-3","-3","1","-15","24","-5"
"03/10/20","-15","-10","-44","-3","-3","1","-16","23","-5"
"04/10/20","-15","-10","-44","-3","-4","1","-17","24","-5"
"05/10/20","-16","-10","-45","-4","-7","2","-18","24","-5"
"06/10/20","-16","-9","-45","-4","-6","2","-18","24","-6"
"07/10/20","-16","-10","-46","-5","-7","2","-17","24","-6"
"08/10/20","-17","-10","-46","-5","-7","2","-19","23","-7"
"09/10/20","-17","-10","-47","-6","-7","2","-19","23","-8"
"10/10/20","-17","-10","-47","-6","-7","2","-18","23","-7"
"11/10/20","-17","-11","-46","-6","-6","2","-17","23","-7"
"12/10/20","-17","-11","-45","-6","-3","2","-17","22","-8"
"13/10/20","-17","-12","-45","-6","-4","1","-18","21","-8"
"14/10/20","-17","-12","-44","-6","-4","0","-18","21","-7"
"15/10/20","-17","-12","-44","-6","-4","0","-17","20","-6"
"16/10/20","-17","-12","-43","-5","-5","0","-17","20","-6"
"17/10/20","-17","-12","-44","-5","-5","0","-18","20","-5"
"18/10/20","-17","-12","-44","-5","-5","0","-18","20","-6"
"19/10/20","-17","-12","-43","-5","-5","0","-18","20","-6"
"20/10/20","-16","-12","-42","-5","-5","0","-18","20","-6"
"21/10/20","-16","-12","-42","-5","-5","0","-17","20","-6"
"22/10/20","-16","-12","-40","-5","-5","0","-18","20","-6"
"23/10/20","-16","-12","-40","-5","-4","0","-18","20","-6"
"24/10/20","-16","-12","-40","-5","-5","0","-18","19","-7"
"25/10/20","-16","-13","-40","-5","-5","0","-18","19","-8"
"26/10/20","-16","-13","-40","-5","-5","0","-18","18","-9"
"27/10/20","-16","-13","-40","-6","-5","0","-18","18","-9"
"28/10/20","-16","-14","-38","-6","-5","0","-19","17","-9"
"29/10/20","-15","-14","-37","-6","-5","0","-18","17","-9"
"30/10/20","-15","-13","-34","-6","-5","0","-18","17","-9"
"31/10/20","-14","-13","-31","-6","-5","0","-17","18","-9"
"01/11/20","-13","-13","-28","-5","-4","0","-16","19","-9"
"02/11/20","-11","-12","-24","-5","-4","-1","-16","19","-7"
"03/11/20","-10","-12","-21","-4","-4","-1","-15","19","-7"
"04/11/20","-10","-12","-23","-4","-4","-1","-15","19","-7"
"05/11/20","-11","-13","-23","-5","-4","-1","-15","19","-7"
"06/11/20","-11","-12","-23","-5","-4","-1","-16","18","-7"
"07/11/20","-11","-12","-23","-4","-4","-1","-15","17","-6"
"08/11/20","-10","-11","-23","-4","-4","0","-15","17","-6"
"09/11/20","-11","-11","-24","-5","-4","-1","-14","16","-6"
"10/11/20","-11","-11","-24","-5","-4","-1","-14","16","-6"
"11/11/20","-11","-11","-24","-4","-4","-1","-14","16","-6"
"12/11/20","-10","-10","-23","-4","-4","-1","-14","17","-5"
"13/11/20","-10","-10","-22","-4","-4","-1","-13","17","-5"
"14/11/20","-10","-10","-21","-4","-4","-1","-13","18","-5"
"15/11/20","-10","-10","-21","-4","-4","-1","-13","19","-5"
"16/11/20","-10","-10","-21","-4","-4","1","-14","19","-5"
"17/11/20","-10","-10","-21","-4","-5","1","-14","19","-5"
"18/11/20","-9","-10","-21","-3","-4","1","-14","20","-5"
"19/11/20","-10","-10","-21","-3","-14","1","-14","20","-4"
"20/11/20","-11","-10","-21","-3","-25","1","-14","19","-4"
"21/11/20","-11","-10","-20","-3","-36","2","-14","18","-4"
"22/11/20","-11","-10","-20","-3","-37","2","-13","18","-4"
"23/11/20","-11","-9","-20","-3","-37","2","-13","17","-4"
"24/11/20","-11","-9","-20","-3","-37","2","-13","17","-4"
"25/11/20","-11","-9","-20","-3","-39","2","-13","16","-4"
"26/11/20","-10","-8","-19","-3","-29","2","-12","17","-3"
"27/11/20","-9","-7","-18","-2","-20","3","-12","18","-2"
"28/11/20","-8","-8","-18","-2","-10","3","-12","18","-2"
"29/11/20","-8","-8","-18","-2","-9","3","-11","18","-1"
"30/11/20","-7","-7","-17","-2","-9","3","-11","18","0"
"01/12/20","-7","-7","-17","-1","-9","4","-11","18","0"
"02/12/20","-6","-7","-17","-1","-8","4","-11","19","1"
"03/12/20","-6","-7","-17","-1","-7","4","-10","19","1"
"04/12/20","-6","-7","-17","-1","-6","4","-10","18","1"
"05/12/20","-6","-7","-17","-1","-5","4","-10","18","1"
"06/12/20","-6","-6","-17","-1","-5","4","-10","18","0"
"07/12/20","-6","-6","-17","0","-4","5","-9","18","1"
"08/12/20","-5","-5","-17","0","-3","5","-9","19","1"
"09/12/20","-5","-5","-16","1","-2","5","-8","19","1"
"10/12/20","-4","-4","-16","1","-2","5","-7","19","2"
"11/12/20","-4","-4","-16","1","-1","5","-7","20","2"
"12/12/20","-4","-4","-15","1","-1","5","-6","19","3"
"13/12/20","-4","-4","-15","0","0","5","-6","19","3"
"14/12/20","-4","-4","-14","0","0","6","-5","19","4"
"15/12/20","-3","-3","-13","0","1","7","-4","19","5"
"16/12/20","-3","-3","-13","1","2","8","-4","20","5"
"17/12/20","-2","-3","-12","1","2","8","-3","19","6"
"18/12/20","-2","-3","-12","1","3","9","-3","19","6"
"19/12/20","-2","-4","-12","2","4","9","-2","18","5"
"20/12/20","-2","-5","-12","3","4","9","-2","17","5"
"21/12/20","-1","-5","-10","6","6","11","-1","17","6"
"22/12/20","1","-4","-9","7","8","13","0","18","6"
"23/12/20","3","-3","-6","11","11","15","3","20","8"
"24/12/20","4","-2","-5","12","12","16","4","22","7"
"25/12/20","-7","-12","-14","0","0","4","-7","9","-6"
"26/12/20","-10","-15","-17","-3","-4","1","-10","6","-10"
"27/12/20","-11","-16","-18","-4","-5","0","-11","5","-13"
"28/12/20","-12","-16","-18","-6","-8","-2","-13","3","-15"
"29/12/20","-13","-17","-19","-7","-9","-4","-15","2","-18"
"30/12/20","-15","-18","-21","-9","-11","-6","-18","-1","-21"
"31/12/20","-16","-20","-22","-10","-12","-7","-19","-3","-23"
"01/01/21","-11","-15","-18","-4","-8","0","-12","4","-18"
"02/01/21","-10","-14","-18","-2","-5","2","-12","4","-18"
"03/01/21","-11","-16","-19","-2","-5","1","-12","3","-18"
"04/01/21","-11","-16","-21","-2","-4","1","-11","4","-18"
"05/01/21","-13","-18","-24","-3","-5","0","-11","3","-18"
"06/01/21","-14","-19","-25","-5","-6","-1","-11","2","-19"
"07/01/21","-15","-20","-26","-6","-8","-3","-13","0","-19"
"08/01/21","-12","-16","-23","-3","-1","0","-8","4","-14"
"09/01/21","-12","-15","-22","-8","-2","1","-9","5","-12"
"10/01/21","-13","-15","-22","-14","-3","1","-9","4","-12"
"11/01/21","-14","-15","-22","-18","-4","0","-10","4","-12"
"12/01/21","-15","-15","-22","-18","-5","0","-10","3","-12"
"13/01/21","-15","-16","-22","-19","-5","-1","-11","4","-11"
"14/01/21","-15","-16","-22","-20","-6","-1","-11","3","-12"
"15/01/21","-16","-16","-23","-20","-6","-1","-12","3","-11"
"16/01/21","-14","-16","-22","-15","-6","-1","-12","3","-10"
"17/01/21","-13","-15","-22","-11","-5","-2","-13","3","-10"
"18/01/21","-13","-16","-21","-9","-5","-2","-13","3","-10"
"19/01/21","-13","-16","-22","-9","-6","-3","-14","3","-10"
"20/01/21","-13","-16","-21","-10","-6","-3","-14","3","-10"
"21/01/21","-13","-15","-21","-10","-6","-3","-14","4","-9"
"22/01/21","-13","-15","-21","-9","-6","-2","-13","4","-9"
"23/01/21","-12","-15","-20","-8","-7","-2","-13","5","-9"
"24/01/21","-12","-15","-21","-8","-8","-1","-13","6","-10"
"25/01/21","-11","-13","-20","-6","-6","1","-13","8","-9"
"26/01/21","-12","-14","-20","-8","-11","-1","-15","6","-11"
"27/01/21","-12","-14","-20","-8","-10","-1","-15","6","-11"
"28/01/21","-12","-14","-20","-8","-11","-1","-15","5","-12"
"29/01/21","-13","-15","-21","-9","-11","-1","-15","5","-13"
"30/01/21","-13","-15","-21","-9","-10","-1","-15","6","-12"
"31/01/21","-12","-15","-20","-9","-8","-1","-15","5","-11"
"01/02/21","-15","-17","-21","-11","-10","-9","-15","4","-11"
"02/02/21","-14","-16","-21","-10","-6","-14","-13","5","-9"
"03/02/21","-14","-15","-21","-9","-7","-20","-13","5","-8"
"04/02/21","-15","-15","-21","-9","-7","-25","-13","6","-7"
"05/02/21","-15","-14","-20","-9","-7","-30","-13","6","-6"
"06/02/21","-15","-14","-20","-9","-8","-31","-13","6","-6"
"07/02/21","-15","-14","-20","-9","-8","-34","-12","6","-5"
"08/02/21","-15","-14","-20","-9","-7","-28","-13","6","-5"
"09/02/21","-14","-13","-20","-8","-7","-23","-13","6","-5"
"10/02/21","-13","-13","-20","-8","-7","-17","-13","6","-5"
"11/02/21","-13","-13","-20","-8","-7","-12","-13","6","-5"
"12/02/21","-12","-13","-19","-7","-6","-8","-12","6","-5"
"13/02/21","-13","-13","-26","-7","-6","-7","-11","6","-5"
"14/02/21","-14","-12","-31","-5","-4","-4","-11","7","-4"
"15/02/21","-15","-12","-36","-5","-4","-3","-10","7","-3"
"16/02/21","-16","-12","-40","-5","-4","-3","-10","7","-3"
"17/02/21","-17","-12","-45","-5","-4","-2","-9","7","-3"
"18/02/21","-17","-12","-44","-5","-4","-1","-9","8","-3"
"19/02/21","-17","-12","-45","-5","-4","0","-9","8","-2"
"20/02/21","-14","-11","-38","-5","-4","1","-9","8","-2"
"21/02/21","-13","-12","-32","-6","-5","1","-9","8","-3"
"22/02/21","-12","-12","-27","-6","-4","1","-9","8","-3"
"23/02/21","-11","-12","-22","-6","-4","1","-9","8","-3"
"24/02/21","-9","-12","-18","-6","-4","1","-9","7","-3"
"25/02/21","-9","-12","-18","-6","-3","1","-9","7","-4"
"26/02/21","-9","-12","-18","-6","-2","1","-9","7","-3"
"27/02/21","-9","-12","-18","-6","-2","1","-9","7","-3"
"28/02/21","-9","-12","-17","-6","-2","2","-8","7","-3"
"01/03/21","-9","-12","-17","-6","-2","1","-8","7","-3"
"02/03/21","-9","-12","-17","-6","-2","1","-8","7","-3"
"03/03/21","-9","-11","-17","-6","-2","1","-8","8","-2"
"04/03/21","-9","-11","-17","-5","-1","1","-7","8","-2"
"05/03/21","-9","-11","-17","-5","-1","1","-7","9","-2"
"06/03/21","-8","-10","-17","-5","-1","1","-7","9","-3"
"07/03/21","-8","-10","-17","-5","0","1","-7","10","-3"
"08/03/21","-8","-10","-16","-4","-2","2","-8","10","-4"
"09/03/21","-8","-10","-16","-4","-1","2","-8","11","-4"
"10/03/21","-8","-10","-16","-4","-2","2","-8","11","-5"
"11/03/21","-8","-10","-17","-4","-2","2","-8","11","-5"
"12/03/21","-8","-10","-17","-4","-2","3","-8","11","-5"
"13/03/21","-8","-10","-17","-4","-2","3","-8","10","-4"
"14/03/21","-9","-12","-17","-4","-3","3","-8","10","-4"
"15/03/21","-8","-12","-18","-4","-1","3","-7","10","-3"
"16/03/21","-8","-12","-17","-4","-2","3","-7","10","-2"
"17/03/21","-8","-12","-17","-4","-1","3","-7","10","-2"
"18/03/21","-8","-12","-17","-4","-1","4","-6","10","-1"
"19/03/21","-8","-12","-17","-4","-1","3","-6","10","-1"
"20/03/21","-8","-14","-16","-4","0","3","-5","10","-1"
"21/03/21","-9","-15","-17","-4","0","3","-5","11","-1"
"22/03/21","-9","-16","-17","-5","0","3","-6","11","-2"
"23/03/21","-10","-17","-17","-5","0","4","-6","11","-3"
"24/03/21","-10","-16","-17","-5","0","4","-7","11","-3"
"25/03/21","-9","-15","-17","-5","-1","4","-7","11","-4"
"26/03/21","-9","-15","-17","-5","-1","4","-7","11","-3"
"27/03/21","-8","-12","-17","-5","-1","4","-7","11","-3"
"28/03/21","-7","-11","-16","-5","-1","4","-7","12","-2"
"29/03/21","-7","-9","-15","-4","0","4","-7","12","-1"
"30/03/21","-6","-8","-15","-6","0","5","-6","12","1"
"31/03/21","-6","-7","-14","-9","1","5","-4","13","2"
"01/04/21","-4","-4","-11","-9","4","8","-1","16","4"
"02/04/21","-11","-10","-17","-16","-4","1","-9","8","-3"
"03/04/21","-11","-9","-17","-17","-4","1","-9","8","-4"
"04/04/21","-13","-13","-18","-20","-8","-1","-11","6","-6"
"05/04/21","-13","-11","-17","-22","-10","-2","-12","5","-6"
"06/04/21","-12","-11","-17","-18","-10","-1","-12","6","-5"
"07/04/21","-12","-11","-17","-16","-11","-2","-12","6","-6"
"08/04/21","-14","-13","-20","-16","-13","-4","-14","3","-8"
"09/04/21","-8","-8","-14","-8","-5","3","-7","11","-1"
"10/04/21","-8","-8","-15","-8","-5","3","-8","11","0"
"11/04/21","-6","-4","-14","-5","-1","4","-7","13","2"
"12/04/21","-5","-5","-15","-3","1","4","-6","16","2"
"13/04/21","-5","-6","-15","-3","0","4","-6","16","2"
"14/04/21","-5","-5","-15","-2","1","4","-6","17","2"
"15/04/21","-5","-5","-15","-2","1","4","-6","19","2"
"16/04/21","-5","-5","-15","-2","1","5","-6","19","3"
"17/04/21","-5","-5","-14","-1","1","5","-6","20","3"
"18/04/21","-4","-5","-13","-1","1","6","-6","21","3"
"19/04/21","-5","-6","-14","-1","1","7","-6","20","3"
"20/04/21","-5","-7","-15","-1","1","6","-6","20","2"
"21/04/21","-5","-7","-15","-2","1","6","-6","20","2"
"22/04/21","-6","-7","-15","-2","1","5","-7","20","1"
"23/04/21","-6","-8","-15","-2","1","5","-7","21","1"
"24/04/21","-6","-7","-15","-1","1","-2","-6","21","0"
"25/04/21","-8","-8","-16","-5","0","-10","-6","20","-2"
"26/04/21","-9","-8","-16","-4","-2","-15","-6","19","-3"
"27/04/21","-8","-8","-15","-4","-2","-16","-6","19","-3"
"28/04/21","-9","-8","-15","-4","-2","-17","-6","19","-3"
"29/04/21","-9","-8","-15","-4","-2","-19","-6","19","-2"
"30/04/21","-9","-8","-15","-4","-3","-20","-6","19","-2"
"01/05/21","-8","-8","-14","-5","-2","-13","-5","19","-1"
"02/05/21","-6","-7","-14","-1","-2","-6","-4","20","1"
"03/05/21","-7","-7","-14","-5","0","-2","-5","20","1"
"04/05/21","-7","-8","-14","-4","-1","-2","-5","21","1"
"05/05/21","-7","-8","-14","-4","-1","-1","-5","21","0"
"06/05/21","-7","-9","-14","-4","0","0","-5","21","0"
"07/05/21","-7","-9","-14","-4","0","1","-5","21","0"
"08/05/21","-6","-9","-14","-2","1","2","-6","22","0"
"09/05/21","-5","-8","-12","-2","2","4","-5","23","1"
"10/05/21","-4","-9","-12","2","2","4","-5","25","1"
"11/05/21","-4","-8","-12","1","1","5","-6","25","2"
"12/05/21","-4","-8","-12","1","1","5","-5","25","2"
"13/05/21","-4","-7","-13","1","1","6","-6","26","2"
"14/05/21","-4","-7","-13","2","1","6","-5","27","2"
"15/05/21","-4","-7","-14","1","1","6","-6","26","2"
"16/05/21","-5","-8","-15","1","0","5","-6","26","1"
"17/05/21","-5","-7","-14","1","0","6","-6","27","1"
"18/05/21","-5","-7","-14","1","1","6","-6","27","1"
"19/05/21","-4","-7","-14","2","1","6","-6","27","1"
"20/05/21","-4","-7","-14","2","1","6","-5","27","1"
"21/05/21","-4","-7","-13","1","1","6","-5","26","1"
"22/05/21","-4","-7","-13","1","1","6","-6","27","2"
"23/05/21","-4","-7","-13","1","1","5","-6","26","2"
"24/05/21","-5","-7","-13","1","1","5","-6","26","2"
"25/05/21","-5","-8","-13","0","0","5","-6","26","1"
"26/05/21","-5","-8","-14","0","0","5","-6","26","1"
"27/05/21","-5","-8","-14","0","0","5","-6","27","2"
"28/05/21","-6","-7","-20","0","0","5","-7","27","2"
"29/05/21","-8","-7","-28","0","0","5","-7","27","1"
"30/05/21","-10","-7","-34","0","1","5","-7","28","0"
"31/05/21","-11","-7","-38","0","1","6","-7","29","0"
"01/06/21","-12","-7","-42","1","1","6","-7","29","0"
"02/06/21","-13","-7","-46","0","2","6","-7","29","0"
"03/06/21","-15","-7","-51","0","2","6","-7","29","-1"
"04/06/21","-14","-7","-49","0","1","6","-8","29","-2"
"05/06/21","-13","-7","-47","0","1","7","-9","29","-1"
"06/06/21","-13","-7","-45","0","1","8","-9","28","-1"
"07/06/21","-13","-7","-44","0","0","8","-9","29","0"
"08/06/21","-13","-7","-43","0","0","8","-9","29","0"
"09/06/21","-13","-7","-43","0","-1","7","-9","30","0"
"10/06/21","-12","-7","-43","0","0","6","-10","31","1"
"11/06/21","-12","-7","-39","0","0","6","-10","32","1"
"12/06/21","-11","-7","-36","0","-1","6","-9","31","1"
"13/06/21","-9","-7","-31","0","0","6","-9","31","2"
"14/06/21","-8","-6","-27","0","-2","5","-10","30","3"
"15/06/21","-7","-6","-24","0","-1","5","-9","30","2"
"16/06/21","-6","-6","-21","0","-1","6","-9","31","2"
"17/06/21","-6","-6","-19","0","-2","7","-8","30","2"
"18/06/21","-5","-6","-18","1","-2","7","-7","30","2"
"19/06/21","-5","-7","-18","1","-1","7","-6","30","2"
"20/06/21","-6","-8","-18","1","-2","6","-5","31","1"
"21/06/21","-6","-10","-18","1","0","6","-3","33","0"
"22/06/21","-6","-10","-18","1","0","6","-3","33","1"
"23/06/21","-6","-11","-17","2","0","6","-3","33","2"
"24/06/21","-6","-11","-16","2","0","6","-3","34","1"
"25/06/21","-7","-13","-16","1","-1","6","-4","35","1"
"26/06/21","-7","-14","-16","1","0","6","-4","36","1"
"27/06/21","-8","-19","-16","2","-1","6","-5","33","1"
"28/06/21","-9","-22","-15","2","-1","5","-5","25","1"
"29/06/21","-11","-25","-14","2","0","1","-5","17","-1"
"30/06/21","-13","-28","-14","-3","-1","-4","-5","8","-2"
"01/07/21","-15","-31","-14","-7","-1","-9","-5","-2","-3"
"02/07/21","-17","-33","-13","-11","-1","-14","-5","-9","-4"
"03/07/21","-19","-35","-13","-13","-2","-15","-6","-12","-5"
"04/07/21","-19","-35","-14","-14","-2","-17","-7","-12","-7"
"05/07/21","-19","-34","-14","-14","-2","-17","-6","-4","-6"
"06/07/21","-18","-33","-14","-13","-1","-13","-6","3","-6"
"07/07/21","-15","-32","-13","-8","0","-8","-5","12","-4"
"08/07/21","-14","-31","-13","-3","1","-3","-4","21","-3"
"09/07/21","-12","-32","-12","1","2","1","-4","26","-2"
"10/07/21","-12","-34","-12","4","2","2","-3","28","-1"
"11/07/21","-12","-35","-11","4","3","5","-3","30","1"
"12/07/21","-12","-37","-11","4","3","6","-3","31","1"
"13/07/21","-12","-38","-12","3","3","6","-3","33","1"
"14/07/21","-13","-39","-12","3","3","7","-3","34","0"
"15/07/21","-13","-40","-12","3","3","8","-3","36","0"
"16/07/21","-15","-40","-18","3","3","9","-3","37","0"
"17/07/21","-16","-39","-25","4","3","10","-3","38","0"
"18/07/21","-17","-39","-31","4","3","10","-3","39","0"
"19/07/21","-19","-39","-36","5","3","11","-2","39","0"
"20/07/21","-20","-40","-40","5","1","10","-3","39","0"
"21/07/21","-22","-40","-44","5","-8","9","-3","39","0"
"22/07/21","-25","-40","-49","5","-17","9","-4","40","0"
"23/07/21","-25","-41","-49","4","-25","8","-4","38","0"
"24/07/21","-26","-42","-48","4","-34","9","-5","38","1"
"25/07/21","-27","-42","-47","4","-44","9","-6","38","0"
"26/07/21","-27","-42","-47","3","-50","8","-7","38","0"
"27/07/21","-27","-41","-46","3","-55","8","-7","37","0"
"28/07/21","-26","-41","-42","3","-48","7","-7","37","0"
"29/07/21","-24","-41","-38","3","-40","7","-7","35","0"
"30/07/21","-22","-41","-34","3","-33","7","-7","37","0"
"31/07/21","-20","-41","-27","1","-25","6","-6","37","1"
"01/08/21","-19","-41","-21","-5","-17","5","-6","37","1"
"02/08/21","-18","-40","-17","-9","-11","6","-6","35","1"
"03/08/21","-18","-40","-14","-13","-4","7","-6","36","1"
"04/08/21","-18","-40","-14","-17","-4","7","-5","36","2"
"05/08/21","-19","-40","-13","-21","-4","8","-5","37","2"
"06/08/21","-21","-40","-18","-25","-3","8","-5","37","2"
"07/08/21","-24","-40","-25","-29","-2","8","-5","38","2"
"08/08/21","-25","-41","-31","-26","-2","9","-5","37","3"
"09/08/21","-25","-41","-34","-23","-1","9","-5","39","3"
"10/08/21","-25","-42","-37","-20","-1","8","-5","38","3"
"11/08/21","-26","-42","-40","-16","-1","8","-5","38","4"
"12/08/21","-26","-43","-44","-13","0","8","-6","38","3"
"13/08/21","-25","-43","-42","-9","0","8","-6","37","-7"
"14/08/21","-23","-43","-40","-4","0","9","-5","37","-17"
"15/08/21","-22","-43","-38","0","1","10","-7","37","-27"
"16/08/21","-23","-44","-37","0","1","10","-7","32","-35"
"17/08/21","-23","-45","-38","1","1","11","-7","24","-43"
"18/08/21","-23","-46","-38","1","1","11","-7","15","-52"
"19/08/21","-24","-47","-38","1","2","11","-6","12","-59"
"20/08/21","-24","-47","-39","1","2","11","-6","11","-59"
"21/08/21","-25","-48","-40","1","2","11","-7","11","-58"
"22/08/21","-25","-48","-42","1","2","10","-5","10","-58"
"23/08/21","-25","-48","-43","1","2","10","-4","14","-58"
"24/08/21","-26","-49","-44","1","2","10","-4","22","-58"
"25/08/21","-26","-49","-44","2","2","10","-4","30","-58"
"26/08/21","-26","-49","-45","2","2","10","-4","33","-57"
"27/08/21","-26","-48","-46","2","2","10","-4","33","-57"
"28/08/21","-26","-48","-47","2","1","10","-3","34","-57"
"29/08/21","-26","-48","-47","2","1","10","-3","36","-57"
"30/08/21","-26","-48","-46","2","1","10","-3","35","-57"
"31/08/21","-26","-47","-46","2","2","9","-3","35","-56"
"01/09/21","-25","-46","-45","2","2","9","-3","35","-55"
"02/09/21","-25","-46","-44","2","2","9","-2","35","-55"
"03/09/21","-24","-45","-45","2","2","9","-3","34","-54"
"04/09/21","-24","-45","-44","3","3","10","-3","34","-54"
"05/09/21","-23","-45","-44","4","3","12","-2","32","-53"
"06/09/21","-23","-45","-43","4","3","12","-1","33","-53"
"07/09/21","-23","-44","-43","4","3","12","-1","32","-52"
"08/09/21","-23","-44","-43","4","3","13","-1","31","-51"
"09/09/21","-23","-44","-43","4","3","12","-2","30","-51"
"10/09/21","-23","-44","-42","3","3","12","-2","30","-51"
"11/09/21","-23","-43","-41","3","3","12","-2","29","-49"
"12/09/21","-22","-43","-40","2","2","11","-3","28","-48"
"13/09/21","-22","-42","-39","2","2","11","-3","27","-48"
"14/09/21","-22","-42","-38","2","2","11","-3","27","-47"
"15/09/21","-21","-41","-38","3","2","11","-2","27","-47"
"16/09/21","-21","-41","-37","3","2","11","-1","27","-46"
"17/09/21","-20","-40","-37","3","2","11","-1","27","-46"
"18/09/21","-20","-40","-37","3","2","12","-1","27","-46"
"19/09/21","-20","-39","-37","3","3","11","-2","28","-46"
"20/09/21","-20","-39","-37","4","3","12","-2","27","-45"
"21/09/21","-20","-38","-38","4","3","12","-2","27","-45"
"22/09/21","-20","-38","-38","4","3","13","-2","27","-44"
"23/09/21","-19","-38","-37","5","3","13","-3","27","-44"
"24/09/21","-19","-37","-37","5","3","13","-3","26","-44"
"25/09/21","-19","-37","-38","5","3","13","-4","26","-43"
"26/09/21","-19","-37","-38","4","3","13","-3","25","-43"
"27/09/21","-19","-37","-36","4","4","13","-3","25","-42"
"28/09/21","-18","-37","-36","4","4","13","-3","25","-41"
"29/09/21","-19","-37","-36","4","4","13","-3","25","-42"
"30/09/21","-19","-37","-37","4","4","14","-2","25","-43"
"01/10/21","-19","-37","-37","3","4","13","-2","25","-43"
"02/10/21","-19","-37","-36","3","4","13","-1","26","-43"
"03/10/21","-19","-36","-36","4","4","13","-1","26","-43"
"04/10/21","-20","-36","-37","2","0","14","-2","26","-43"
"05/10/21","-20","-36","-38","2","1","14","-2","26","-43"
"06/10/21","-20","-36","-38","1","1","14","-1","26","-42"
"07/10/21","-20","-36","-37","1","1","14","-1","25","-41"
"08/10/21","-19","-36","-37","1","2","15","-1","25","-41"
"09/10/21","-19","-35","-37","1","2","15","0","24","-40"
"10/10/21","-19","-36","-36","1","2","15","0","24","-40"
"11/10/21","-18","-33","-36","2","5","14","0","23","-40"
"12/10/21","-17","-31","-35","2","4","13","0","22","-40"
"13/10/21","-17","-30","-35","2","4","12","-1","21","-40"
"14/10/21","-16","-28","-35","2","3","12","-1","21","-41"
"15/10/21","-16","-25","-36","2","2","12","-2","21","-40"
"16/10/21","-15","-23","-36","2","3","12","-8","22","-38"
"17/10/21","-14","-19","-36","2","3","12","-14","22","-36"
"18/10/21","-14","-19","-36","1","3","12","-18","22","-34"
"19/10/21","-14","-19","-36","1","3","11","-18","22","-32"
"20/10/21","-14","-18","-35","1","4","11","-17","22","-30"
"21/10/21","-13","-17","-35","1","4","11","-18","21","-28"
"22/10/21","-12","-17","-33","2","4","11","-17","21","-26"
"23/10/21","-11","-16","-31","1","5","11","-11","21","-23"
"24/10/21","-11","-16","-30","1","5","11","-7","20","-21"
"25/10/21","-10","-16","-29","2","5","11","-3","20","-20"
"26/10/21","-10","-15","-27","2","5","11","-2","20","-18"
"27/10/21","-9","-15","-26","2","5","11","-2","20","-16"
"28/10/21","-9","-15","-25","3","4","12","-1","20","-14"
"29/10/21","-9","-14","-25","3","4","12","-2","20","-13"
"30/10/21","-8","-14","-23","3","4","12","-1","20","-11"
"31/10/21","-7","-14","-20","3","4","12","0","21","-11"
"01/11/21","-5","-13","-16","4","4","13","0","21","-9"
"02/11/21","-4","-13","-14","4","4","13","0","20","-8"
"03/11/21","-4","-12","-13","4","4","13","0","20","-6"
"04/11/21","-4","-12","-12","3","5","13","0","20","-6"
"05/11/21","-3","-12","-10","3","5","13","2","16","-6"
"06/11/21","-3","-12","-10","4","4","13","1","11","-6"
"07/11/21","-4","-12","-11","4","4","13","1","7","-5"
"08/11/21","-4","-13","-13","3","4","13","2","5","-5"
"09/11/21","-5","-12","-14","3","4","13","2","4","-5"
"10/11/21","-4","-13","-13","3","4","13","1","4","-5"
"11/11/21","-4","-12","-13","3","4","13","1","4","-4"
"12/11/21","-4","-12","-14","3","4","13","1","8","-4"
"13/11/21","-4","-12","-14","4","4","13","1","12","-4"
"14/11/21","-4","-11","-14","4","4","13","1","15","-4"
"15/11/21","-4","-11","-14","4","4","13","0","17","-4"
"16/11/21","-4","-11","-14","4","4","14","0","18","-3"
"17/11/21","-3","-10","-14","5","4","14","1","17","-3"
"18/11/21","-3","-9","-13","5","5","14","1","16","-2"
"19/11/21","-3","-9","-12","6","5","14","1","14","-1"
"20/11/21","-2","-9","-12","6","5","14","2","13","-1"
"21/11/21","-2","-10","-11","6","6","14","3","12","0"
"22/11/21","-2","-10","-10","5","6","14","4","11","1"
"23/11/21","-2","-10","-10","5","6","15","5","11","1"
"24/11/21","-2","-10","-10","5","6","15","5","11","1"
"25/11/21","-1","-10","-9","5","7","15","6","12","1"
"26/11/21","-1","-10","-9","5","8","16","7","14","2"
"27/11/21","-1","-10","-9","6","8","16","7","16","3"
"28/11/21","-0","-8","-8","6","8","16","8","17","3"
"29/11/21","0","-8","-8","6","8","17","8","17","4"
"30/11/21","0","-7","-8","6","9","17","8","18","4"
"01/12/21","0","-7","-8","6","9","17","8","18","5"
"02/12/21","0","-7","-8","6","9","17","8","17","6"
"03/12/21","0","-6","-8","6","8","17","8","17","6"
"04/12/21","0","-6","-9","6","8","16","8","16","5"
"05/12/21","-0","-6","-9","5","7","16","7","15","5"
"06/12/21","-0","-6","-9","5","7","16","7","14","5"
"07/12/21","0","-6","-9","6","7","16","7","14","6"
"08/12/21","1","-6","-8","7","8","16","7","15","6"
"09/12/21","1","-6","-8","7","8","16","8","15","7"
"10/12/21","1","-6","-8","7","8","16","8","16","7"
"11/12/21","1","-6","-7","7","8","17","8","16","7"
"12/12/21","2","-5","-7","8","9","17","9","16","8"
"13/12/21","2","-5","-6","8","9","18","9","17","9"
"14/12/21","3","-4","-6","9","9","18","10","17","10"
"15/12/21","4","-3","-5","10","10","19","11","17","10"
"16/12/21","5","-3","-4","11","10","20","12","17","12"
"17/12/21","5","-2","-3","11","10","20","13","16","13"
"18/12/21","4","-3","-4","11","10","20","13","16","11"
"19/12/21","4","-4","-4","11","11","20","13","15","10"
"20/12/21","5","-4","-3","12","12","22","15","15","11"
"21/12/21","6","-3","-2","13","13","23","16","17","12"
"22/12/21","7","-2","0","15","14","25","17","18","12"
"23/12/21","8","-1","1","16","15","27","18","19","12"
"24/12/21","8","-2","0","16","15","26","18","19","8"
"25/12/21","-3","-12","-9","3","2","12","5","6","-5"
"26/12/21","-6","-14","-11","1","-1","8","4","4","-8"
"27/12/21","-8","-15","-11","-1","-5","5","2","2","-11"
"28/12/21","-9","-17","-12","-3","-8","2","0","-2","-14"
"29/12/21","-11","-18","-14","-5","-11","0","-1","-3","-16"
"30/12/21","-13","-20","-16","-7","-15","-2","-3","-7","-20"
"31/12/21","-15","-21","-18","-8","-17","-3","-4","-8","-21"
"01/01/22","-9","-17","-14","-1","-11","5","4","-2","-15"
"02/01/22","-9","-16","-14","0","-10","7","4","-2","-14"
"03/01/22","-9","-17","-16","-1","-11","7","2","-4","-15"
"04/01/22","-9","-18","-17","0","-9","8","3","-4","-15"
"05/01/22","-11","-19","-19","-2","-9","7","2","-6","-16"
"06/01/22","-12","-21","-21","-3","-10","6","0","-7","-16"
"07/01/22","-14","-22","-22","-5","-10","5","-2","-8","-16"
"08/01/22","-11","-19","-19","-3","-5","9","0","-6","-12"
"09/01/22","-12","-20","-20","-5","-6","10","-2","-7","-11"
"10/01/22","-12","-21","-22","-5","-5","10","-2","-6","-12"
"11/01/22","-14","-22","-23","-7","-8","9","-3","-6","-14"
"12/01/22","-14","-23","-24","-8","-9","9","-4","-7","-14"
"13/01/22","-15","-23","-24","-9","-9","9","-5","-7","-15"
"14/01/22","-15","-23","-24","-9","-9","10","-4","-7","-15"
"15/01/22","-14","-23","-23","-8","-8","10","-3","-5","-15"
"16/01/22","-14","-22","-22","-8","-8","10","-2","-5","-15"
"17/01/22","-14","-22","-22","-8","-8","9","-2","-4","-15"
"18/01/22","-14","-22","-22","-8","-7","8","-1","-4","-15"
"19/01/22","-14","-22","-22","-8","-7","8","-1","-3","-15"
"20/01/22","-13","-21","-21","-8","-7","7","0","-2","-15"
"21/01/22","-13","-21","-20","-8","-7","7","0","-1","-14"
"22/01/22","-12","-20","-19","-7","-7","6","0","0","-13"
"23/01/22","-12","-19","-19","-6","-7","5","0","1","-12"
"24/01/22","-11","-18","-19","-6","-6","6","0","2","-11"
"25/01/22","-10","-16","-17","-5","-5","8","1","3","-10"
"26/01/22","-11","-16","-17","-7","-8","6","-1","1","-10"
"27/01/22","-11","-16","-17","-7","-8","6","-1","1","-10"
"28/01/22","-11","-16","-18","-6","-7","6","-2","1","-10"
"29/01/22","-10","-15","-17","-6","-7","6","-2","1","-11"
"30/01/22","-10","-15","-17","-6","-6","6","-1","0","-11"
"31/01/22","-10","-15","-17","-6","-6","6","-1","0","-10"
"01/02/22","-11","-16","-18","-7","-7","4","-2","-2","-11"
"02/02/22","-10","-16","-18","-6","-5","6","1","0","-10"
"03/02/22","-10","-16","-18","-5","-4","6","1","0","-9"
"04/02/22","-10","-16","-17","-5","-4","6","2","0","-8"
"05/02/22","-9","-15","-17","-4","-4","5","3","0","-6"
"06/02/22","-9","-15","-16","-4","-4","5","4","0","-5"
"07/02/22","-9","-15","-17","-3","-4","5","4","0","-5"
"08/02/22","-9","-15","-17","-3","-5","5","5","0","-4"
"09/02/22","-9","-15","-16","-3","-5","5","5","0","-3"
"10/02/22","-8","-14","-16","-2","-4","5","5","0","-3"
"11/02/22","-8","-14","-16","-2","-4","5","5","0","-3"
"12/02/22","-8","-14","-15","-2","-4","6","6","0","-2"
"13/02/22","-8","-13","-15","-2","-3","7","6","1","-1"
"14/02/22","-6","-12","-14","-1","-2","8","6","2","0"
"15/02/22","-6","-12","-14","-1","-1","8","6","2","0"
"16/02/22","-6","-11","-14","-1","-1","8","6","2","0"
"17/02/22","-6","-11","-14","-1","-1","8","6","2","0"
"18/02/22","-6","-11","-14","-1","-1","9","6","3","-1"
"19/02/22","-6","-11","-14","-1","-1","9","6","3","-2"
"20/02/22","-6","-11","-14","-2","0","8","6","4","-2"
"21/02/22","-7","-13","-15","-3","-1","7","5","2","-4"
"22/02/22","-7","-14","-15","-3","-1","7","5","3","-4"
"23/02/22","-8","-14","-15","-3","-1","7","4","3","-4"
"24/02/22","-8","-14","-15","-3","-1","7","4","2","-5"
"25/02/22","-8","-15","-15","-5","-1","6","3","2","-5"
"26/02/22","-9","-15","-15","-7","-1","6","3","1","-5"
"27/02/22","-10","-16","-15","-10","-1","6","2","1","-5"
"28/02/22","-10","-16","-15","-11","-2","5","2","1","-5"
"01/03/22","-11","-16","-15","-12","-2","5","1","1","-5"
"02/03/22","-11","-17","-15","-11","-2","4","1","1","-6"
"03/03/22","-11","-18","-15","-12","-2","4","1","2","-5"
"04/03/22","-11","-18","-15","-10","-2","4","0","3","-5"
"05/03/22","-10","-18","-15","-8","-1","3","0","3","-5"
"06/03/22","-10","-18","-16","-5","-1","4","1","4","-5"
"07/03/22","-10","-18","-16","-4","-1","3","1","4","-5"
"08/03/22","-10","-19","-15","-4","0","4","1","5","-4"
"09/03/22","-9","-18","-15","-4","0","3","1","5","-4"
"10/03/22","-9","-17","-15","-3","0","3","1","4","-3"
"11/03/22","-9","-16","-15","-2","0","2","1","4","-3"
"12/03/22","-9","-16","-15","-2","-1","2","1","4","-3"
"13/03/22","-8","-15","-15","-2","0","2","2","3","-4"
"14/03/22","-8","-15","-14","-2","-2","2","0","3","-3"
"15/03/22","-8","-13","-14","-2","-2","1","0","3","-3"
"16/03/22","-8","-13","-14","-2","-3","1","-1","3","-4"
"17/03/22","-8","-14","-14","-2","-3","1","-1","3","-4"
"18/03/22","-8","-14","-15","-2","-3","1","-2","3","-5"
"19/03/22","-8","-14","-14","-2","-2","2","-2","4","-4"
"20/03/22","-8","-14","-15","-2","-3","2","-2","4","-4"
"21/03/22","-9","-14","-16","-2","-1","2","-1","4","-4"
"22/03/22","-9","-14","-16","-2","-2","2","-1","4","-4"
